<?xml version="1.0" encoding="UTF-8"?>
<root>
  <item name="com.android.smartwidgets.SmartImageView shape">
    <annotation name="androidx.annotation.IntDef">
      <val name="value" val="{com.android.smartwidgets.SmartImageView.Shape.SQUARE, com.android.smartwidgets.SmartImageView.Shape.RECTANGLE, com.android.smartwidgets.SmartImageView.Shape.CIRCLE}" />
    </annotation>
  </item>
  <item name="com.android.smartwidgets.SmartImageView void setShape(int) 0">
    <annotation name="androidx.annotation.IntDef">
      <val name="value" val="{com.android.smartwidgets.SmartImageView.Shape.SQUARE, com.android.smartwidgets.SmartImageView.Shape.RECTANGLE, com.android.smartwidgets.SmartImageView.Shape.CIRCLE}" />
    </annotation>
  </item>
  <item name="com.android.smartwidgets.SmartImageView.Shape">
    <annotation name="androidx.annotation.IntDef">
      <val name="value" val="{com.android.smartwidgets.SmartImageView.Shape.SQUARE, com.android.smartwidgets.SmartImageView.Shape.RECTANGLE, com.android.smartwidgets.SmartImageView.Shape.CIRCLE}" />
    </annotation>
  </item>
</root>

